{
  "model_name": "CatBoost Regressor",
  "mae": 1559.240524594164,
  "rmse": 3218.7301616405875,
  "mse": 10360223.853454843,
  "r2": 0.9886782526093919,
  "mape": 11.938479342663264,
  "cv_mae_mean": 1663.2017494117263,
  "cv_mae_std": 63.279929931687256,
  "cv_rmse_mean": 3347.4086923168516,
  "cv_rmse_std": 172.94751423490027,
  "cv_r2_mean": 0.9877981460025396,
  "cv_r2_std": 0.0006805706008047499
}