model_name,mae,rmse,mse,r2,mape,cv_mae_mean,cv_mae_std,cv_rmse_mean,cv_rmse_std,cv_r2_mean,cv_r2_std
CatBoost Regressor,1559.240524594164,3218.7301616405875,10360223.853454843,0.9886782526093919,11.938479342663264,1663.2017494117263,63.279929931687256,3347.4086923168516,172.94751423490027,0.9877981460025396,0.0006805706008047499
LightGBM Regressor,1575.0214648869041,3387.6270720733683,11476017.179444382,0.9874589034567414,11.884857153971254,1710.8972060212236,58.62426156963602,3499.0665667543753,183.40907940668754,0.9866325893835871,0.0012136945528592015
XGBoost Regressor,1623.9697265625,3340.492927697947,11158893.0,0.9878054857254028,13.012087939996295,1760.078759765625,75.33368712593145,3573.608837890625,232.1259738702122,0.9860697865486145,0.0013675830480301158
HistGradientBoosting Regressor,1659.7272276881804,3627.5345315417057,13159006.777527504,0.98561971702988,11.668036524376683,1738.5893569447217,79.10217691695004,3657.782774228969,199.8295450449993,0.9853955808193234,0.0013301530812935198
Extra Trees Regressor,1868.3392643378984,4198.3816890511,17626408.806959566,0.9807376992294005,12.044716466437114,1987.5413211662867,67.06645503756425,4230.21306952764,294.8064588295669,0.9805100746762726,0.0017430873994717145
Random Forest Regressor,1985.9067839522259,4361.936690907443,19026491.695484575,0.9792076758424534,12.480964154134359,2126.0242086395,130.41727858580177,4437.715645881486,343.80517556940924,0.9784696778975779,0.0028474915054755327
Linear Regression,10245.363974228905,16354.239516285792,267461150.1560437,0.7077160086788623,179.33978391382158,10427.192288343604,118.35565889707061,16519.56635527865,345.71960335080627,0.7023933998623748,0.011588075563461893
Ridge Regression,10264.801596874353,16409.1640047505,269260663.3347994,0.7057494842172167,180.71233618617276,10426.33041022989,93.25097167049373,16542.75379254849,350.6784446828728,0.7015670475391383,0.011439618127828021
